id,title,year,directors,casts,rating,cover,country,summary,types,lang,release_date,time,url
36208094,第二十条,2024,张艺谋,"雷佳音,马丽,赵丽颖,高叶,刘耀文,王骁,陈明昊,潘斌龙,张译,范伟,于和伟,许亚军,李乃文,蒋奇明,阿如那,杨皓宇,许静雅,乔杉,蒋诗萌,王沛禄,丁勇岱,刘奕铁,陈宣菲,史彭元,李晓川,杨一威,许文赫,宋木子,多习,飞凡,蒋鹏宇,王乃训,陈永胜,张壹男,黄炎,宋家腾,林博洋,张磊,李鲲",7.6,https://img9.doubanio.com/view/photo/s_ratio_poster/public/p2903145026.jpg, 中国大陆,人过中年的检察官韩明（雷佳音 饰）早已没了往日的锋芒，每日里柴米油盐，鸡毛蒜皮，尽快从挂职转正是他最为关心的问题。在此期间，康村王永强（潘斌龙 饰）为保护哑巴妻子（赵丽颖 饰）捅伤村霸刘文经（阿如那 饰）的案件甚嚣尘上。刘的家人纠集村匪恶霸上访闹事，要求判处王死刑。韩明的初恋女友——女检察官吕玲玲（高叶 饰）顶住各方压力，执意要找到关系案件走向的重要证据。另一方面，韩的儿子韩雨辰（刘耀文 饰）为制止校园霸凌将学校张主任（张译 饰）儿子打伤，关于是否应该道歉，双方展开了拉锯战。,"剧情,喜剧,家庭", 汉语普通话 / 中国手语,2024-02-10,141分钟,https://movie.douban.com/subject/36208094/
25934014,爱乐之城,2016,达米恩·查泽雷,"瑞恩·高斯林,艾玛·斯通,约翰·传奇,罗丝玛丽·德薇特,芬·维特洛克,杰西卡·罗德,水野索诺娅,考莉·埃尔南德斯,J·K·西蒙斯,汤姆·艾弗瑞特·斯科特,米根·费伊,达蒙·冈普顿,贾森·福克斯,乔什·平茨,艾米·科恩,特里·沃尔特斯,汤姆·谢尔顿,信达·亚当斯,克劳丁·克劳迪奥,D·A·瓦拉赫,特雷弗·里斯奥尔,奥莉维亚·汉密尔顿,安娜·查泽雷,马里乌斯·代·弗里斯,妮科尔·库隆,迈尔斯·安德森,约翰·辛德曼,瓦拉里·雷·米勒,基夫·范登·霍伊维尔,佐伊·霍尔,登普西·帕皮恩,辛德拉·车",8.4,https://img3.doubanio.com/view/photo/s_ratio_poster/public/p2901102612.jpg, 美国,米娅（艾玛·斯通 Emma Stone 饰）渴望成为一名演员，但至今她仍旧只是片场咖啡厅里的一名平凡的咖啡师，尽管不停的参加着大大小小的试镜，但米娅收获的只有失败。某日，在一场派对之中，米娅邂逅了名为塞巴斯汀（瑞恩·高斯林 Ryan Gosling 饰）的男子，起初两人之间产生了小小的矛盾，但很快，米娅便被塞巴斯汀身上闪耀的才华以及他对爵士乐的纯粹追求所吸引，最终两人走到了一起。,"剧情,爱情,歌舞", 英语,2017-02-14,128分钟,https://movie.douban.com/subject/25934014/
36369452,飞驰人生2,2024,韩寒,"沈腾,范丞丞,尹正,张本煜,孙艺洲,魏翔,贾冰,郑恺,冯绍峰,黄景瑜,刘昊然,于适,胡先煦,阎鹤祥,周野芒,高华阳,孙强,范高翔,郝瀚",7.7,https://img9.doubanio.com/view/photo/s_ratio_poster/public/p2903066285.jpg, 中国大陆,五年前巴音布鲁克的悲壮一搏，传奇车手张驰（沈腾 饰）赢得了比赛，却输掉了一切。因铅封始终未能找到，他的成绩被组委会取消，为了谋生开办驾校又遭到网络恶意中伤，穷困潦倒，不闻一名。偶然的一天，一通电话让他重燃赛车手的热情。濒临停产的老头乐车厂厂长（贾冰 饰）是张驰的粉丝，他 主动提出赞助让张驰的车队去拼搏最后一届巴音布鲁克。老头乐的员工厉小海（范丞丞 饰）天赋出众，在张驰、孙宇强（尹正 饰）、记星（张本煜 饰）和万年不及格的菜鸟驾校学员刘显德（孙艺洲 饰）联合训练下，小海成长迅速。,"剧情,喜剧,运动", 汉语普通话,2024-02-10,121分钟,https://movie.douban.com/subject/36369452/
35350109,可怜的东西,2023,欧格斯·兰斯莫斯,"艾玛·斯通,马克·鲁弗洛,威廉·达福,拉米·尤素夫,克里斯托弗·阿波特,苏西·本巴,杰洛德·卡尔迈克,凯瑟琳·亨特,薇琪·佩珀代因,玛格丽特·库里,汉娜·许古拉,杰克·巴顿,查理·希斯科克,阿提拉·多拜,艾玛·欣德尔,安德斯·奥洛夫·格伦德伯格,艾提拉·凯科斯克麦西,朱西马尔·巴尔博萨,卡米尼奥,安杰拉·保拉·史丹德尔,古斯塔沃·戈麦斯,凯特·汉福德,欧文·古德,兹恩·约书亚·泊松,薇薇安·索恩,杰尔斯金·芬德里克斯",7.0,https://img1.doubanio.com/view/photo/s_ratio_poster/public/p2897662939.jpg, 爱尔兰 / 英国 / 美国 / 匈牙利,影片基于苏格兰作家阿拉斯代尔·格雷所著同名小说，融合现实主义、奇幻、科幻元素，将弗兰肯斯坦的故事重塑，设定在维多利亚时代晚期，逃避丈夫虐待却不幸身亡的女子贝拉（艾玛·斯通 Emma Stone 饰），在被科学家成功复活后，心智停留在孩童阶段，却也对未知世界充满渴望；她与放荡律师私奔踏上挖掘自我的冒险，试图摆脱时代对女性偏见，追求平等与性解放。,"剧情,喜剧,爱情,科幻", 英语 / 法语 / 葡萄牙语,2023-09-01,141分钟,https://movie.douban.com/subject/35350109/
36190889,间谍过家家 代号：白,2023,片桐崇,"江口拓也,早见沙织,种崎敦美,松田健一郎,甲斐田裕子,佐仓绫音,吉野裕行,小野贤章,山路和弘,藤原夏海,加藤英美里,银河万丈,武内骏辅,中村伦也,贺来贤人",7.5,https://img1.doubanio.com/view/photo/s_ratio_poster/public/p2907078869.jpg, 日本,出色的间谍“黄昏”化身为心理医生劳埃德·福杰，与拥有“读心术”的超能力女孩阿尼亚、杀手约尔组成各怀秘密但意外温馨的“伪装家庭”，在共同经历笑料百出的家庭闹剧后，将踏上第一次“家庭旅行”。然而，在愉快的旅途中，阿尼亚却发现了一个可能会撼动世界和平的“秘密”，令人措手不及的大危机事件来袭！世界的命运，又一次掌握在了这意外不断的临时一家人手中！,"喜剧,动画", 日语,2024-04-30,110分钟,https://movie.douban.com/subject/36190889/
34874432,花束般的恋爱,2021,土井裕泰,"菅田将晖,有村架纯,细田佳央太,清原果耶,小田切让,押井守,户田惠子,岩松了,小林薰,韩英惠,中崎敏,小久保寿人,泷内公美,森优作,古川琴音,篠原悠伸,八木亚里纱,佐藤宽太,冈部敬史,萩原实里,福山翔大,萩原利久,片山友希,宇野祥平,佐藤玲,水泽绅吾,穗志萌香",8.6,https://img3.doubanio.com/view/photo/s_ratio_poster/public/p2868462052.jpg, 日本,深夜的地铁站，因错过末班车让山音麦（菅田将晖 饰）和八谷绢（有村架纯 饰）两个年轻人不期而遇。他们相约前往附近的咖啡店，并且畅聊文学、电影和各自的爱好。令他们感到惊喜的是，两个人无论是习惯、爱好还是理念居然极其相似，仿佛就是另一个自己，因此他们对对方渐渐产生好感。在此之后，他们相约再次见面，顺理成章成为了情侣。大学毕业，步入社会，小麦和小绢痴心相守。只不过现实生活磨砺着年轻人的意志和爱情。小麦被迫暂时放弃自己绘画的梦想，成为一名上班族，日渐拮据的生活也让他们减弱了对理想生活的要求。,"剧情,爱情", 日语,2022-02-22,124分钟,https://movie.douban.com/subject/34874432/
36081094,热辣滚烫,2024,贾玲,"贾玲,雷佳音,张小斐,杨紫,沙溢,乔杉,李雪琴,马丽,魏翔,赵海燕,张琪,沈春阳,沈涛,许君聪,卜钰,朱天福,刘宏禄,张泰维,郭宇鹏,李海银,李国麟,张桂玲,孙婉竹,赵婷婷,法志远,姬晴,曹贺军,刘頔,贾文田,雷鸣武",7.7,https://img9.doubanio.com/view/photo/s_ratio_poster/public/p2904304396.jpg, 中国大陆,大学毕业后仅仅工作短暂的一段时间，杜乐莹（贾玲 饰）便退回家中，宅家长达十年之久。她无所事事，拒绝和外界做过多接触，甚至和家人的关系也变得紧张起来。在和离婚回到娘家的妹妹乐丹（张小斐 饰）一次激烈的冲突后，乐莹选择离家出走，并且在烧烤店找了服务员的工作勉强维生。爱情、亲情、人生，似乎一时间均跌入了谷底，而阴差阳错间乐莹又结识了落魄的拳击教练昊坤（雷佳音 饰）。她支持着他的梦想，彼此又不得不去面对残酷的现实。人生至暗时刻，随波逐流的女孩是否决心逆流而上？,"剧情,喜剧", 汉语普通话,2024-02-10,129分钟,https://movie.douban.com/subject/36081094/
36430322,末路狂花钱,2024,乌日娜,"贾冰,谭卓,小沈阳,于洋,董宝石,李嘉琦,张百乔,李宗恒,刘嘉裕,李琦,周大勇,马旭东,魏来,马驰,李海银",6.0,https://img2.doubanio.com/view/photo/s_ratio_poster/public/p2906646351.jpg, 中国大陆,注意看，眼前这个男人叫贾有为（贾冰 饰），“省钱门”当之无愧代言人，抠门赛道遥遥领先的天之骄子！他抠搜半生不敢玩命花钱，没成想正值壮年罹患绝症是没命花钱！眼看生命只剩十天，百万存款秒变过眼云烟，贾有为浮想联翩，决定带着拜把子老铁沙白虎（小沈阳 饰）、许大力（于洋 饰）和董建峰（董宝石 饰）尽情挥霍，不辜负人间！万万没想到体验新人生处处是惊喜，不光友情续费了，快乐到位了，就连贾有为的昔日女神王晓倩（谭卓 饰）也意外再会了……,"剧情,喜剧", 汉语普通话,2024-05-01,107分钟,https://movie.douban.com/subject/36430322/
1828115,色，戒,2007,李安,"梁朝伟,汤唯,陈冲,王力宏,庹宗华,朱芷莹,高英轩,柯宇纶,阮德锵,钱嘉乐,苏岩,何赛飞,宋茹惠,樊光耀,卢燕,刘洁,余娅,王琳,王侃,竹下明子,阿努潘·凯尔",8.7,https://img9.doubanio.com/view/photo/s_ratio_poster/public/p453716305.jpg, 中国台湾 / 中国大陆 / 美国 / 中国香港,本是岭南大学学生的王佳芝（汤唯 饰）因战争辗转到了香港读书，她在香港大学加入了爱国青年邝裕民（王力宏 饰）组织的话剧组，他们主演的爱国话剧更激起了他们的爱国情操。当邝裕民得知汪伪政府的特务头子易先生（梁朝伟 饰）正在香港的时候，他们便密谋要刺杀易先生。化名“麦太太”的王佳芝很快得到了易太太（陈冲 饰）的信任与喜爱，同时美丽的“麦太太”也吸引了易先生的眼球，正当事情进行得如火如荼之际，易先生突然要回到上海去。,"剧情,爱情,情色", 汉语普通话 / 上海话 / 英语 / 粤语 / 日语 / 印地语,2007-11-01,158分钟,https://movie.douban.com/subject/1828115/
36207371,没有一顿火锅解决不了的事,2023,丁晟,"杨幂,于谦,田雨,余皑磊,李九霄,黄小蕾",6.1,https://img1.doubanio.com/view/photo/s_ratio_poster/public/p2907202358.jpg, 中国大陆,人在做，天在看，人算终究不如天算。四个互不相识的人在戏院后台库房分赃，竟意外牵扯进一桩命案，一顿热辣滚烫的火锅翻滚着层出不穷的悬疑，贪婪和欺瞒引发连环逆转。终于，四人特殊身份渐渐浮出水面，神秘的真相也呼之欲出……,"喜剧,悬疑,犯罪", 汉语普通话,2024-05-01,128分钟,https://movie.douban.com/subject/36207371/
19944106,美人鱼,2016,周星驰,"邓超,罗志祥,张雨绮,林允,徐克,吴亦凡,李尚正,卢正雨,白客,孔连顺,田启文,文章,杨能,张美娥,李叶青,林子聪,赵志凌,郑冀峰,钱国伟,范淑珍,艾文·科蒂克,松冈李那,徐轸轸,夏尉喻,皮埃尔·布迪厄,孙嘉灵,许雅婷,赵靖伊,付骏福,虞嘉娜,宁小花,易志乐,孙乐天",6.7,https://img1.doubanio.com/view/photo/s_ratio_poster/public/p2316177058.jpg, 中国大陆 / 中国香港,白手起家的富豪刘轩（邓超 饰）新拍下了一块地皮，并联合了女强人李若兰（张雨绮 饰）使用恐怖的声纳技术驱赶鱼类，用于填海造地。人鱼一族长期居住在附近区域的海里，为了继续生存，带头大哥章鱼八哥（罗志祥 饰）派出了美人鱼珊珊（林允 饰）“色诱”刘轩，准备刺杀。没想到珊珊在卧底过程中与刘轩暗生情愫，一次次破坏暗杀计划，而李若兰却在准备一个更丧心病狂的邪恶计划……,"喜剧,爱情,奇幻", 汉语普通话 / 英语 / 日语,2016-02-08,93分钟,https://movie.douban.com/subject/19944106/
36173827,被我弄丢的你,2024,韩琰,"檀健次,张婧仪,蒋龙,刘恋,夏力薪,侯长荣,吴玉芳,果靖霖,黄小蕾,张大大,任彬,孙芮",5.9,https://img2.doubanio.com/view/photo/s_ratio_poster/public/p2903285621.jpg, 中国大陆,影片改编自郑执原著小说《被我弄丢两次的王斤斤》。,"剧情,爱情", 汉语普通话,2024-03-08,112分钟,https://movie.douban.com/subject/36173827/
35725869,年会不能停！,2023,董润年,"大鹏,白客,庄达菲,王迅,孙艺洲,李乃文,欧阳奋强,童漠男,大木,晃晃,衣云鹤,杨磊,孔连顺,李栋,王学东,赵天爱,王皓,宋木子,合文俊,李飞,石老板,六兽,卢庚戌,鄂靖文,李萍,刘頔,董润年",8.1,https://img1.doubanio.com/view/photo/s_ratio_poster/public/p2901057189.jpg, 中国大陆,在一个配件厂兢兢业业许多年的钳工胡建林（大鹏 饰），偶然接到一纸调令，命他马上到集团总公司赴任。淳朴老实的建林还以为作为年年先进的他成为了集团树立奖掖优秀员工的典型，殊不知这却是一场阴差阳错走后门拖关系的狸猫换太子。人事经理马杰（白客 饰）虽然很快发现了这场乌龙，但为了避免遭到处罚，只能将错就错，想方设法保住这位不速之客。而在这一过程中，胡建林也因扑朔迷离的身份受到集团上下的种种揣测，他的层级也意外地一次又一次提升。与此同时，集团正处于大裁员的风雨飘摇时刻，而展现公司面貌的年会召开在即。,"剧情,喜剧", 汉语普通话,2023-12-29,117分钟,https://movie.douban.com/subject/35725869/
36467351,银河写手,2023,"李阔,单丹丹","宋木子,合文俊,李飞,李文茹,宋晓亮,张皓森,刘默然,祁又一,魏来,白志强,李阔,单丹丹",6.6,https://img2.doubanio.com/view/photo/s_ratio_poster/public/p2905680871.jpg, 中国大陆,一个不听任何修改意见的编剧（宋木子 饰），一个什么修改意见都听的编剧（合文俊 饰），一个自大，一个胆大，组成银河系最强（ruo）乙方，向顶级甲方公司发起才华挑战。,"剧情,喜剧", 汉语普通话,2024-03-30,103分钟,https://movie.douban.com/subject/36467351/
35371261,铃芽之旅,2022,新海诚,"原菜乃华,松村北斗,深津绘里,染谷将太,伊藤沙莉,花濑琴音 ,花泽香菜,松本白鹦,神木隆之介,山根馅,三浦明里",7.2,https://img3.doubanio.com/view/photo/s_ratio_poster/public/p2887641712.jpg, 日本,宁静的九州乡间小镇，生活着平凡的少女岩户铃芽（原菜乃华 配音）。这天上学路上，她邂逅了神秘的白衣青年宗像草太（松村北斗 配音）。草太的言行举止引起了铃芽的好奇，她随着这个青年来到了一处废墟，并看到了一扇在水中央突兀伫立的门。懵懵懂懂，铃芽无意间解开了某个古老封印。在此之 后，一场地震突发，而偏偏只有铃芽才能看见地震前发生的诡异现象。随后这个惶恐的女孩才发现，草太原来是有着古老传承的闭门师，他巡游日本各地正是为了阻止更大的灾难发生。,"爱情,动画,奇幻", 日语,2023-03-24,121分钟,https://movie.douban.com/subject/35371261/
1418200,傲慢与偏见,2005,乔·赖特,"凯拉·奈特莉,马修·麦克费登,唐纳德·萨瑟兰,布兰达·布莱斯,凯瑞·穆里根,裴淳华,吉娜·马隆,妲露拉·莱莉,朱迪·丹奇,西蒙·伍兹,克劳迪·布莱克利,汤姆·霍兰德尔,鲁伯特·弗兰德,凯利·蕾莉,皮普·托伦斯,西妮德·马修斯,佩内洛普·威尔顿,塔姆金·莫钦特",8.7,https://img1.doubanio.com/view/photo/s_ratio_poster/public/p2016401659.jpg, 法国 / 英国 / 美国,根据简·奥斯汀同名小说改编。伊丽莎白·班纳特(凯拉·奈特丽 饰)出身于小地主家庭，有四个姐妹，母亲班纳特太太整天操心着为女儿物色称心如意的丈夫。新来的邻居宾格来先生和他的朋友达西（马修·麦克菲迪恩 饰）打破了她们一家人单调的乡村生活。宾格来和伊丽莎白的姐姐简·班纳特互生情愫；达西对善良聪明的伊丽莎白产生了好感，而伊丽莎白却对达西不可一世的傲慢心存偏见，不接受他的感情。然而，世事难料，宾格来和简·班纳特因为误会，关系危在旦夕；达西的种种作为，展示了性格中和伊丽莎白相同的善良一面，逐渐赢得了伊丽莎白的好感。两对有情人能否终成眷属？班纳特姐妹们能否得到自己想要的生活？,"剧情,爱情", 英语,2005-09-16,129 分钟,https://movie.douban.com/subject/1418200/
25662329,疯狂动物城,2016,"拜伦·霍华德,瑞奇·摩尔,杰拉德·布什","金妮弗·古德温,杰森·贝特曼,伊德瑞斯·艾尔巴,珍妮·斯蕾特,内特·托伦斯,邦尼·亨特,唐·雷克,汤米·钟,J·K·西蒙斯,奥克塔维亚·斯宾瑟,艾伦·图代克,夏奇拉,雷蒙德·S·佩尔西,德拉·萨巴,莫里斯·拉马奇,菲尔·约翰斯顿,约翰·迪·马吉欧,凯蒂·洛斯,吉塔·雷迪,杰西·科尔蒂,汤米·利斯特,乔希·达拉斯,瑞奇·摩尔,凯斯·索西,彼得·曼斯布里奇,拜伦·霍华德,杰拉德·布什,马克·史密斯,乔西·特立尼达,约翰·拉维尔,克里斯汀·贝尔,吉尔·科德斯,梅利莎·古德温",9.2,https://img1.doubanio.com/view/photo/s_ratio_poster/public/p2614500649.jpg, 美国,故事发生在一个所有哺乳类动物和谐共存的美好世界中，兔子朱迪（金妮弗·古德温 Ginnifer Goodwin 配音）从小就梦想着能够成为一名惩恶扬善的刑警，凭借着智慧和努力，朱迪成功的从警校中毕业进入了疯狂动物城警察局，殊不知这里是大型肉食类动物的领地，作为第一只，也是唯一的小型食草类动物，朱迪会遇到怎样的故事呢？,"喜剧,动画,冒险", 英语 / 挪威语,2016-03-04,109分钟(中国大陆),https://movie.douban.com/subject/25662329/
1485260,本杰明·巴顿奇事,2008,大卫·芬奇,"凯特·布兰切特,布拉德·皮特,朱莉娅·奥蒙德,芳妮·A·钱勃丝,伊莱亚斯·科泰斯,杰森·弗莱明,大卫·詹森,蒂尔达·斯文顿,艾丽·范宁,乔安娜·塞勒,乔什·斯图沃特,丹尼·文森,塔拉吉·P·汉森,马赫沙拉·阿里,菲奥娜·黑尔,唐娜·杜普兰提尔,兰斯·E·尼克尔斯,特德·曼森,克莱·卡伦,菲利斯·萨莫维尔,杰瑞德·哈里斯,麦迪逊·贝蒂,汤姆·埃沃雷特,克里斯托弗·马克斯韦尔,伊利亚·沃里克",9.0,https://img3.doubanio.com/view/photo/s_ratio_poster/public/p2192535722.jpg, 美国,飓风正在侵袭美国新奥尔良，一位病危的老妇睁开了她的睡眼。老妇名叫戴茜（凯特·布兰切特饰），她叫女儿凯若琳（朱莉娅•奥蒙德饰）为她阅读一本日记。这本日记的作者叫本杰明•巴顿（布拉德•皮特饰）。本杰明出生在第一次世界大战停战之时，但生来便像个老人的他被父亲当作怪物，被遗弃在了养老院。本杰明在养老院与老人们一起生活。但谁都没有想到，本杰明逆向发育——越活越年轻！也许“越活越年轻”是某些人的梦想，但真正这样成长的本杰明却有了别人无法理解的烦恼与快乐。穿越半世纪的世界变革，本杰明身处其中，感受别人感受不到的感受。,"剧情,爱情,奇幻", 英语 / 俄语 / 法语,2008-12-25,166分钟,https://movie.douban.com/subject/1485260/
26715496,功夫熊猫4,2024,"迈克·米切尔,斯蒂芬妮·斯汀","杰克·布莱克,奥卡菲娜,维奥拉·戴维斯,达斯汀·霍夫曼,布莱恩·克兰斯顿,吴汉章,伊恩·麦柯肖恩,关继威,钱信伊,洛瑞·坦·齐恩,塞斯·罗根,吉米·唐纳森,詹姆士·谢,塞德里克·亚伯勒,艾普尔·洪,塞塞·瓦伦蒂娜,James Murray,Vic Chao,Audrey Brooke,Lincoln Nakamura",6.4,https://img3.doubanio.com/view/photo/s_ratio_poster/public/p2903578097.jpg, 美国 / 中国大陆,神龙大侠阿宝（杰克·布莱克 Jack Black 配音）再度归来，要被师父（达斯汀·霍夫曼 Dustin Hoffman 配音）强行进阶修行。系列全新最强反派魅影妖后（维奥拉·戴维斯 Viola Davis 配音）登场，神秘莫测的她可以幻化成每一个阿宝的昔日宿敌。此次阿宝又结识了小真（奥卡菲娜 Awkwafina 配音）等新伙伴，并将一同开启这场冒险旅程。,"喜剧,动作,动画,奇幻,冒险", 英语,2024-03-22,94分钟,https://movie.douban.com/subject/26715496/
1293839,罗马假日,1953,威廉·惠勒,"奥黛丽·赫本,格利高里·派克,埃迪·艾伯特,哈特利·鲍尔,哈考特·威廉姆斯,玛格丽特·罗林斯,托里奥·卡米纳提,保罗·卡利尼,克劳迪奥·埃尔梅利,保拉·布鲁布尼,里佐·弗雷多里佐",9.1,https://img9.doubanio.com/view/photo/s_ratio_poster/public/p2189265085.jpg, 美国,欧洲某国的安妮公主（奥黛丽·赫本 Audrey Hepburn 饰）到访罗马，国务烦身，但她又厌倦繁文缛节。一天晚上，身心俱疲的她偷偷来到民间欣赏夜景，巧遇报社记者乔（格里高利·派克 Gregory Peck 饰）。二人把手同游，相当快乐。公主更是到乔的家中作客并在那过夜。,"剧情,喜剧,爱情", 英语 / 意大利语 / 德语,1953-08-20,118分钟,https://movie.douban.com/subject/1293839/
1291543,功夫,2004,周星驰,"周星驰,元秋,元华,黄圣依,梁小龙,陈国坤,田启文,林子聪,林雪,冯克安,释彦能,冯小刚,袁祥仁,张一白,赵志凌,董志华,何文辉,陈凯师,贾康熙,林子善,任珈锐,王仕颖",8.8,https://img1.doubanio.com/view/photo/s_ratio_poster/public/p2219011938.jpg, 中国大陆 / 中国香港,1940年代的上海，自小受尽欺辱的街头混混阿星（周星驰）为了能出人头地，可谓窥见机会的缝隙就往里钻，今次他盯上行动日益猖獗的黑道势力“斧头帮”，想借之大名成就大业。,"喜剧,动作,犯罪,奇幻", 粤语 / 汉语普通话 / 手语,2004-12-23,100分钟(3D重映),https://movie.douban.com/subject/1291543/
35818074,我爱你！,2023,韩延,"倪大红,惠英红,梁家辉,叶童,成果,卢秋萍,张沥行,崔嵩,牛丽燕,张小钰,阳博,鲍英麟,易辉,吴祥源,程玉莹,林梓岳,张一心,宁南,胡必胜,李亚瑾,刘铭泽,吴嘉劲,杨硕,温颖童,赵伟东",7.9,https://img3.doubanio.com/view/photo/s_ratio_poster/public/p2888042597.jpg, 中国大陆 / 中国香港,空巢老人常为戒（倪大红 饰）和拾废品的孤寡老太李慧如（惠英红 饰）不打不相识，却渐渐互生情愫；年迈的谢定山（梁家辉 饰）、赵欢欣（叶童 饰）夫妻俩靠收卖废品为生，妻子赵欢欣更是一直深受疾病的困扰……四位老人，两对爱人，在步入生命终章之时，他们用力而纯粹地相爱。哪怕不再有明天，也要对彼此说出那句“我爱你！”。,"剧情,爱情,家庭", 粤语 / 汉语普通话,2023-06-21,116分钟,https://movie.douban.com/subject/35818074/
35766491,满江红,2023,张艺谋,"沈腾,易烊千玺,张译,雷佳音,岳云鹏,王佳怡,潘斌龙,余皑磊,郭京飞,欧豪,魏翔,张弛,黄炎,许静雅,蒋鹏宇,林博洋,飞凡,任思诺,陈永胜,张壹男",7.0,https://img2.doubanio.com/view/photo/s_ratio_poster/public/p2887555071.jpg, 中国大陆,南宋绍兴年间，一代忠良岳鹏举物故，引无数良臣赤子扼腕叹息。四年后，奸相秦桧（雷佳音 饰）率兵与金国相约会谈。谁知会谈前夜，金国使者在秦桧驻地为人所害。事态紧急，亲兵营副统领孙均（易烊千玺 饰）得知不成器的老舅——小兵张大（沈腾 饰）了解线索，遂将其带到秦桧处。秦桧命二人一个时辰内找出真凶，否则一律处死。时间飞速流逝，舞姬瑶琴（王佳怡 饰）、更夫丁三旺（潘斌龙 饰）、马夫刘喜（余皑磊 饰）接连卷入其中，而宰相府总管何立（张译 饰）与副总管武义淳（岳云鹏 饰）相继入场，又将这场波谲云诡的调查涂满血腥。,"剧情,喜剧,悬疑,古装", 汉语普通话 / 中国手语,2023-01-22,159分钟,https://movie.douban.com/subject/35766491/
1292215,天使爱美丽,2001,让-皮埃尔·热内,"奥黛丽·塔图,马修·卡索维茨,吕菲斯,洛莱拉·克拉沃塔,塞尔·梅林,贾梅尔·杜布兹,克洛蒂尔德·莫莱特,克莱尔·莫里耶,伊莎贝尔·南蒂,多米尼克·皮侬,阿尔蒂斯·德·彭居埃恩,友兰达·梦露,于尔班·康塞利埃,莫里斯·贝尼舒,米歇尔·罗班,安德烈·达芒,克洛德·佩隆,阿尔梅尔,迪基·奥尔加多,凯文·迪亚士,弗洛拉·吉耶,阿莫里·巴博尔,欧仁·贝蒂埃,让·达里,马克·阿米约",8.7,https://img3.doubanio.com/view/photo/s_ratio_poster/public/p2447590313.jpg, 法国 / 德国,艾米莉（奥黛丽·塔图 Audrey Tautou 饰）有着别人看来不幸的童年——父亲给她做健康检查时，发现她心跳过快，便断定她患上心脏病，从此艾米莉与学校绝缘。随后因为一桩意外，母亲在她眼前突然死去。这一切都毫不影响艾米莉对生活的豁达乐观。,"剧情,喜剧,爱情", 法语 / 俄语,2001-04-25,122分钟,https://movie.douban.com/subject/1292215/
25964071,夏洛特烦恼,2015,"闫非,彭大魔","沈腾,马丽,尹正,艾伦,王智,田雨,宋阳,常远,李萍,李立群,张一鸣,马小茜,赵震,董良瑜,刘坤,黄才伦,陈昊明,陆林洁,王成思,刘金,刘立东,杨欢,宁幻秋,温森,陶柏,许猛,嫣红,刘叶舟,王硕,马驰,周展翅,周华安,顾佳欣,易波,一戈,姜田丰,郭恩强,常世奎,于健,王琦,赵雪,陶亮,黄杨,陆羊,王军,刘子凡,刘笑竹,卢莹,张广洁,方菲菲,许登雨,朱波,肖扬,魏翔,江夏,吴江,张辰,王野,贾悦明,王翡,简姗姗,申琴子,尹星人,桂百惠,管亚鑫,彭泽言,王思浩,关鹏,桂琛,朱磊,徐贤任,田川,李哲,冯满",7.9,https://img3.doubanio.com/view/photo/s_ratio_poster/public/p2264377763.jpg, 中国大陆,在学生时代的初恋秋雅（王智 饰）的婚礼上，毕业后吃软饭靠老婆养的夏洛（沈腾 饰）假充大款，出尽其丑，中间还被老婆马冬梅（马丽 饰）戳穿暴捶。混乱之中，夏洛意外穿越时空，回到了1997年的学生时代的课堂里。他懵懵懂懂，以为是场真实感极强的梦，于是痛揍王老师，强吻秋雅，还尝试跳楼让自己醒来。当受伤的他从病床上苏醒时，他意识到自己真的穿越了时空。既然有机会重新来过，那不如好好折腾一回。他勇敢追求秋雅、奚落优等生袁华（尹正 饰）、拒绝马冬梅的死缠烂打。后来夏洛凭借“创作”朴树、窦唯等人的成名曲而进入娱乐圈。,"喜剧,爱情", 汉语普通话,2015-09-30,104分钟,https://movie.douban.com/subject/25964071/
4920528,那些年，我们一起追的女孩,2011,九把刀,"柯震东,陈妍希,敖犬,郝劭文,蔡昌宪,侯彦西,弯弯,邱彦翔,王彩桦,柯义浤,黄逸祥,李凤新,黄柏钧,赖雅妍,高丽红,李维维,严艺文,蔡武雄",8.1,https://img9.doubanio.com/view/photo/s_ratio_poster/public/p1348910586.jpg, 中国台湾,青春是一场大雨。即使感冒了，还盼望回头再淋它一次。人生就是不停的战斗，在还没有获得女神青睐时，左手永远都只是辅助！！！,"剧情,喜剧,爱情", 汉语普通话,2012-01-06,110分钟,https://movie.douban.com/subject/4920528/
2129039,飞屋环游记,2009,"彼特·道格特,鲍勃·彼德森","爱德华·阿斯纳,克里斯托弗·普卢默,乔丹·长井,鲍勃·彼德森,德尔罗伊·林多,杰罗姆·兰福特,约翰·拉森贝格,大卫·卡耶,艾丽·道克特,杰里米·利里,米凯·麦高万,丹尼·曼恩,唐纳德·富利洛夫,杰斯·哈梅尔,乔什·库雷,彼特·道格特",9.1,https://img1.doubanio.com/view/photo/s_ratio_poster/public/p2553594918.jpg, 美国,小男孩卡尔（Carl Fredricksen）怀揣着对于冒险的热爱偶遇假小子艾丽（Ellie），而艾丽把整个屋子当成一艘大飞船游戏居然使他对这个女孩子有些着迷，相同的爱好最终使两个人成为了一生的爱侣。,"剧情,喜剧,动画,冒险", 英语,2009-08-04,96分钟,https://movie.douban.com/subject/2129039/
5989818,萤火之森,2011,大森贵弘,"佐仓绫音,内山昂辉,辻亲八,山本兼平,后藤弘树,今井麻美",8.9,https://img3.doubanio.com/view/photo/s_ratio_poster/public/p1675053073.jpg, 日本,某年夏天，6岁小女孩竹川萤来到爷爷家度假，她闯进了传说住满妖怪的山神森林。正当她因为迷路而焦急万分的时候，一个戴着狐狸面具的大男孩出现在她面前，并引领着萤找到回家的路。虽然萤分外感激，可是男孩却禁止她碰触自己的身体，原来这名叫银的男孩并非人类，他一旦被人类碰触就会烟消云散。在此后的日子里，萤和银成为好朋友，他们走遍了森林的每一个角落玩耍。日复一日，年复一年，每到夏天的时候萤就会如约来到森林和好朋友见面。她遵守着和银的约定，无论如何也不碰触银的身体。随着年龄的增长，萤和银对彼此的情感都悄悄发生了变化，他们共同期待相聚的日子，共同期待拥抱对方……,"剧情,爱情,动画,奇幻", 日语,2011-09-17,45分钟,https://movie.douban.com/subject/5989818/
4058939,芭比,2023,格蕾塔·葛韦格,"玛格特·罗比,瑞恩·高斯林,亚美莉卡·费雷拉,阿丽亚娜·格林布拉特,凯特·麦克金农,海伦·米伦,威尔·法瑞尔,伊萨·雷,哈莉·尼夫,艾玛·麦基,亚历山德拉·希普,莎朗·鲁妮,妮可拉·考夫兰,迈克尔·塞拉,康纳·斯温德尔,舒提·盖特瓦,刘思慕,金斯利·本-阿迪尔,斯科特·埃文斯,杜阿·利帕,约翰·塞纳,雷亚·普尔曼,里图·阿亚,安娜·科鲁兹·凯恩,埃默拉尔德·芬内尔,詹米·德米特鲁,安·罗斯,玛瑞萨·阿贝拉,妮基塔·查达哈,安妮·玛莫罗,麦肯纳·罗伯茨,汉娜·卡利克-布朗,斯特林·琼斯,黛布·海特,杰西卡·A·凯撒,卢克· 穆伦,杰拉德琳·切瓦蕾,拉姆赞·米亚,贾斯汀·皮尔斯,凯莉·里安·桑松,埃文·沙夫兰",8.0,https://img9.doubanio.com/view/photo/s_ratio_poster/public/p2895679456.jpg, 美国 / 英国,在梦幻浪漫的芭比乐园里，美丽自信的芭比们每日过着快乐无忧的生活，她们活跃在每一个工作岗位，肯是点缀，女孩的聚会才至关重要。直到某一天，我们的主角芭比（玛格特·罗比 Margot Robbie 饰）突然提到了生死，她的完美生活毫无征兆发生改变。她的口气不再清新，面容开始犹豫憔悴，也无法轻盈地从顶楼飘落下来。经前辈点播，她意识到人类世界某个人和她建立着联系，而那个人的心境似乎正投射到芭比的身上来。,"喜剧,奇幻,冒险", 英语 / 西班牙语,2023-07-21,114分钟,https://movie.douban.com/subject/4058939/
3364223,了不起的盖茨比,2013,巴兹·鲁赫曼,"莱昂纳多·迪卡普里奥,凯瑞·穆里根,托比·马奎尔,伊丽莎白·德比齐,艾拉·菲舍尔,乔尔·埃哲顿,杰森·克拉克,卡兰·麦克奥利菲,Frank Aldridge,阿米达普·巴强,丽莎·亚当,史提夫·比斯利,理查德·卡特,阿德莱德·克莱蒙丝,文斯·科洛斯莫,马克斯·库伦,马尔·戴,Emmanuel Ekwenski,伊甸·福尔克,加勒特·威廉·方丹,肖恩·哈普,Stephen James King,戈兰·D·克鲁特,哈米什·迈克尔,希瑟·米切尔,凯特·马尔瓦尼,巴里·奥托,John 'Cha Cha' O'Connell,尼克·泰特,杰克·汤普森,嘉玛·沃德,马修·惠德特,费利克斯·威廉森,比尔·扬,劳拉·穆拉凯",8.0,https://img1.doubanio.com/view/photo/s_ratio_poster/public/p2091221628.jpg, 澳大利亚 / 美国,1922年的春天，作家尼克(托比•马奎尔 Tobey Maguire 饰)满怀希望离开家乡，随淘金热潮来到纽约这个新兴的城市，虽然这里爵士乐流行，股票飞涨，但是贫富两极分化，人们沉沦在纸醉金迷中。尼克为了追寻美国梦，放弃写作而进入证券市场，并搬入纽约附近的海湾居住，成为了神秘富豪盖茨比（莱昂纳多•迪卡普里奥 Leonardo DiCaprio 饰）的邻居。而海湾的对岸住着尼克的表妹黛西（凯瑞•穆里根 Carey Mulligan 饰）和她的贵族丈夫汤姆（乔尔•埃哲顿 Joel Edgerton 饰），尼克不仅被邀请去赴宴，之后汤姆还带着他去找情妇寻欢，尼克渐渐迷失在这个充满魅力，以及富豪编制的假象、爱与谎言的世界中。,"剧情,爱情", 英语,2013-08-30,143分钟(美国),https://movie.douban.com/subject/3364223/
34941536,宇宙探索编辑部,2021,孔大山,"杨皓宇,艾丽娅,王一通,蒋奇明,盛晨晨,郭帆,龚格尔,洛翼云,罗娟,关云桐,王雪怡,郎武媚,崔丽淑,王禹,刘琦,孙晓晨,陈萍,宋敬东,谭天,何力,鲜志彬,李迪,傅春洋,唐颖,邓皓荣,李丹妮,张亚萝,王耀刚",8.0,https://img9.doubanio.com/view/photo/s_ratio_poster/public/p2889865405.jpg, 中国大陆,唐志军（杨皓宇 饰）是一家诞生于上世纪八十年代的科幻杂志——《宇宙探索》编辑部的主编。现如今的杂志社日渐式微，唐志军也终成落魄潦倒，鳏寡孤独之人。但他却依然几十年如一日的痴迷于寻找地外文明。终于有一天，他接收到了一个疑似来自宇宙深处的异常信号，于是他召集同是天涯沦落人的伙伴们，带着那一个困惑他终生的问题，再一次踏上寻找外星人的旅途。,"喜剧,科幻", 汉语普通话,2023-04-01,118分钟,https://movie.douban.com/subject/34941536/
1300267,乱世佳人,1939,"维克多·弗莱明,乔治·库克,山姆·伍德","费雯·丽,克拉克·盖博,奥利维娅·德哈维兰,托马斯·米切尔,芭芭拉·欧内尔,伊夫林·凯耶斯,安·卢瑟福德,乔治·里弗斯,弗莱德·克莱恩,海蒂·麦克丹尼尔斯,奥斯卡·波尔克,巴特弗莱·麦昆,维克托·乔里,埃弗雷特·布朗,霍华德·C·希克曼,艾丽西亚·瑞特,莱斯利·霍华德,兰德·布鲁克斯,卡洛尔·奈,劳拉·霍普·克鲁斯,埃迪·安德森,哈里·达文波特,利昂娜·罗伯特,简·达威尔,欧娜·满森,保罗·赫斯特,伊莎贝尔·朱尔,卡米·金·肯伦,艾瑞克·林登,J·M·克里根,沃德·邦德,莉莲·肯布尔-库珀",9.3,https://img1.doubanio.com/view/photo/s_ratio_poster/public/p1963126880.jpg, 美国,美国南北战争前夕，南方农场塔拉庄园的千金斯嘉丽（费雯·丽 Vivien Leigh 饰）爱上了另一个农场主的儿子艾希礼（莱斯利·霍华德 Leslie Howard 饰），遭到了拒绝，为了报复，她嫁给了自己不爱的男人，艾希礼妻子梅兰妮（奥利维娅·德哈维兰 Olivia de Havilland 饰）的弟弟查尔斯。,"剧情,爱情,历史,战争", 英语,1939-12-15,233分钟,https://movie.douban.com/subject/1300267/
1292213,大话西游之大圣娶亲,1995,刘镇伟,"周星驰,吴孟达,朱茵,蔡少芬,蓝洁瑛,莫文蔚,罗家英,刘镇伟,陆树铭,李健仁",9.2,https://img9.doubanio.com/view/photo/s_ratio_poster/public/p2455050536.jpg, 中国香港 / 中国大陆,至尊宝（周星驰 饰）被月光宝盒带回到五百年前，遇见紫霞仙子（朱茵 饰），被对方打上烙印成为对方的人，并发觉自己已变成孙悟空。,"喜剧,爱情,奇幻,古装", 粤语 / 汉语普通话,2014-10-24,95分钟,https://movie.douban.com/subject/1292213/
30402296,天气之子,2019,新海诚,"醍醐虎汰朗,森七菜,小栗旬,本田翼,倍赏千惠子,吉柳咲良,平泉成,梶裕贵,木村良平,柴田秀胜,野泽雅子,花泽香菜,佐仓绫音",7.0,https://img9.doubanio.com/view/photo/s_ratio_poster/public/p2558022335.jpg, 日本,高一那年夏天，帆高（醍醐虎汰朗配音）离开位在离岛的家乡，独自一人来到东京，拮据的生活迫使他不得不找份工作，最后来到一间专门出版奇怪超自然刊物的出版社担任写手。不久，东京开始下起连日大雨，仿佛暗示着帆高不顺遂的未来，在这座繁忙城市里到处取材的帆高邂逅了与弟弟相依为命，不可思议的美少女阳菜（森七菜配音）。「等等就会放晴了喔。」阳菜这样告诉着帆高，不久，头顶的乌云逐渐散去，耀眼的阳光洒落街道……原来，阳菜拥有「改变天气」的奇妙能力……,"爱情,动画,奇幻", 日语,2019-11-01,112分钟,https://movie.douban.com/subject/30402296/
1306249,唐伯虎点秋香,1993,李力持,"周星驰,巩俐,陈百祥,郑佩佩,朱咪咪,梁家仁,苑琼丹,梁荣忠,黄一山,黄霑,吴镇宇,刘家辉,蓝洁瑛,谷德昭,陈辉虹,李健仁,宣萱,温翠苹",8.7,https://img9.doubanio.com/view/photo/s_ratio_poster/public/p2357915564.jpg, 中国香港,唐伯虎（周星驰 饰）身为江南四大才子之首，却有道不尽的心酸。宁王想唐伯虎帮忙图谋作反，唐伯虎只好用内功改变脉象，令众人都相信他命不久矣。母亲埋怨他不应该把功夫暴露，因为他们家族一直被当年的仇人追杀。唐伯虎在与朋友出游时，遇到了貌若天仙的秋香并对她一见钟情，决心要到华府当 家丁以追求秋香，唐伯虎被取名华安。期间华太师遇到了宁王上门刁难，幸好有唐伯虎出面相助，并暴露了自己是唐伯虎的身份。秋香才知道华安是自己欣赏的唐伯虎。华夫人跟唐家有怨，因此二人便开始斗法。怎料宁王跟夺命书生再次上门，华夫人不是对手，幸得唐伯虎出手，华夫人也答应把秋香许配给唐伯虎。,"喜剧,爱情,古装", 粤语,1993-07-01,102 分钟,https://movie.douban.com/subject/1306249/
1292434,一一,2000,杨德昌,"吴念真,李凯莉,金燕玲,张洋洋,萧淑慎,尾形一成,陈希圣,林孟瑾,陈以文,柯宇纶,张育邦,柯素云,唐如韫,徐淑媛,曾心怡,陶传正",9.1,https://img3.doubanio.com/view/photo/s_ratio_poster/public/p2567845803.jpg, 中国台湾 / 日本,NJ（吴念真）是个很有原则的生意人，同妻子敏敏（金燕玲）、女儿婷婷（李凯莉）、儿子洋洋（张杨洋）以及外婆住在台北某所普通公寓里。小舅子的一场麻烦婚礼过后，因为外婆突然中风昏迷，他迎来更加混乱的日子。,"剧情,爱情,家庭", 汉语普通话 / 闽南语 / 英语 / 日语,2017-07-28,173分钟,https://movie.douban.com/subject/1292434/
27605698,西虹市首富,2018,"闫非,彭大魔","沈腾,宋芸桦,张一鸣,张晨光,常远,魏翔,赵自强,九孔,李立群,王成思,徐冬冬,艾伦,杨皓宇,黄才伦,王力宏,包贝尔,郎咸平,张绍刚,杨文哲,陶亮,王赞,黄杨,刘鉴,杨沅翰,林炳宝,骆佳,陈昊明,臧一人",6.6,https://img3.doubanio.com/view/photo/s_ratio_poster/public/p2529206747.jpg, 中国大陆,西虹市丙级球队大翔队的守门员王多鱼（沈腾 饰）因比赛失利被教练开除，一筹莫展之际王多鱼突然收到神秘人士金老板（张晨光 饰）的邀请，被告知自己竟然是保险大亨王老太爷（李立群 饰）的唯一继承人，遗产高达百亿！但是王老太爷给出了一个非常奇葩的条件，那就是要求王多鱼在一个月内花光十亿，还不能告诉身边人，否则失去继承权。王多鱼毫不犹豫签下了“军令状”，与好友庄强（张一鸣 饰）以及财务夏竹（宋芸桦 饰）一起开启了“挥金之旅”，即将成为西虹市首富的王多鱼，第一次感受到了做富人的快乐，同时也发现想要挥金如土实在没有那么简单！,喜剧, 汉语普通话,2018-07-27,118分钟,https://movie.douban.com/subject/27605698/
1291557,花样年华,2000,王家卫,"梁朝伟,张曼玉,潘迪华,萧炳林,张耀扬,孙佳君,钱似莺,顾锦华",8.8,https://img9.doubanio.com/view/photo/s_ratio_poster/public/p1910828286.jpg, 中国香港,1960年代的香港，报馆编辑周慕云（梁朝伟 饰）与太太搬进一间住户多是上海人的公寓，和某家日资公司的贸易代表陈先生与太太苏丽珍（张曼玉 饰）成了邻居。因为发现各自在外工作的配偶背着他们有了婚外情，周慕云和苏丽珍开始见面商讨未来可能发生的事情以及相应对策。,"剧情,爱情", 粤语 / 上海话 / 法语,2000-09-29,98分钟,https://movie.douban.com/subject/1291557/
1294408,音乐之声,1965,罗伯特·怀斯,"朱莉·安德鲁斯,克里斯托弗·普卢默,埃琳诺·帕克,理查德·海顿,佩吉·伍德,查尔敏·卡尔,希瑟·孟席斯-尤里克,尼古拉斯·哈蒙德,杜安·蔡斯,安吉拉·卡特怀特,黛比·特纳,基姆·卡拉思,安娜·李,波希娅·纳尔逊,本·怀特,丹尼尔·特鲁希特,诺玛·威登,吉尔克里斯特·斯图尔特,马妮·尼克松,埃瓦德妮·贝克,多丽丝·劳埃德,格特鲁德·阿斯特,弗兰克·贝克,史蒂夫·卡鲁瑟斯,山姆·哈里斯,多罗西·吉金斯,利奥达·理查德斯,杰弗里·塞尔,伯纳德·赛尔,诺尔曼·斯蒂凡斯,伯特史蒂文斯,玛丽亚·冯·特拉普",9.1,https://img3.doubanio.com/view/photo/s_ratio_poster/public/p453788577.jpg, 美国,玛利亚（朱丽·安德鲁斯  饰）是一个年轻活泼的修女，喜欢在大自然下高声歌唱，所以她常常忘记了修道院里的规矩。院长认为玛利亚并不属于规矩严格的修道院。院长与众嬷嬷商量后，决定安排玛利亚到一位名叫特拉普（克里斯托弗·普卢默 饰）上校家当家庭教师。,"剧情,爱情,歌舞,传记", 英语 / 德语,1965-03-02,174分钟,https://movie.douban.com/subject/1294408/
35422807,扬名立万,2021,刘循子墨,"尹正,邓家佳,喻恩泰,杨皓宇,陈明昊,秦霄贤,张本煜,柯达,邓恩熙,余皑磊,白客,赵文瑄,小爱,周奇",7.4,https://img1.doubanio.com/view/photo/s_ratio_poster/public/p2881817779.jpg, 中国大陆,故事发生在民国时期，在一幢空旷而又略带阴森的别墅内，某晚意外集结了一群电影工作者。原来向来跟风讨巧的投资人陆子野（陈明昊 饰）看中了一起真实的谋杀案，于是找来编剧李家辉（尹正 饰）、导演郑千里（喻恩泰 饰）、男星关静年（杨皓宇 饰）、女演员苏梦蝶（邓家佳 饰）等业内人士 ，共同谋划这部话题之作。甚至为了追求轰动性和真实性，陆子野居然想方设法把该案凶手也带来别墅。一时间，众人瞠目结舌，大惊失色。更劲爆的是他们所在的别墅正是案发现场！,"剧情,喜剧,悬疑", 汉语普通话,2021-11-11,123分钟,https://movie.douban.com/subject/35422807/
35350109,可怜的东西,2023,欧格斯·兰斯莫斯,"艾玛·斯通,马克·鲁弗洛,威廉·达福,拉米·尤素夫,克里斯托弗·阿波特,苏西·本巴,杰洛德·卡尔迈克,凯瑟琳·亨特,薇琪·佩珀代因,玛格丽特·库里,汉娜·许古拉,杰克·巴顿,查理·希斯科克,阿提拉·多拜,艾玛·欣德尔,安德斯·奥洛夫·格伦德伯格,艾提拉·凯科斯克麦西,朱西马尔·巴尔博萨,卡米尼奥,安杰拉·保拉·史丹德尔,古斯塔沃·戈麦斯,凯特·汉福德,欧文·古德,兹恩·约书亚·泊松,薇薇安·索恩,杰尔斯金·芬德里克斯",7.0,https://img1.doubanio.com/view/photo/s_ratio_poster/public/p2897662939.jpg, 爱尔兰 / 英国 / 美国 / 匈牙利,影片基于苏格兰作家阿拉斯代尔·格雷所著同名小说，融合现实主义、奇幻、科幻元素，将弗兰肯斯坦的故事重塑，设定在维多利亚时代晚期，逃避丈夫虐待却不幸身亡的女子贝拉（艾玛·斯通 Emma Stone 饰），在被科学家成功复活后，心智停留在孩童阶段，却也对未知世界充满渴望；她与放荡律师私奔踏上挖掘自我的冒险，试图摆脱时代对女性偏见，追求平等与性解放。,"剧情,喜剧,爱情,科幻", 英语 / 法语 / 葡萄牙语,2023-09-01,141分钟,https://movie.douban.com/subject/35350109/
1302425,喜剧之王,1999,"周星驰,李力持","周星驰,张柏芝,莫文蔚,吴孟达,林子善,田启文,李兆基,成龙,李思捷,郑文辉",8.8,https://img3.doubanio.com/view/photo/s_ratio_poster/public/p2579932167.jpg, 中国香港,尹天仇（周星驰 饰）一直醉心戏剧，想成为一名演员，平时除了做跑龙套以外，还会在街坊福利会里开设演员训练班。此时舞小姐柳飘飘在妈妈桑的带领下来到这里要求学做戏，原来柳飘飘有一段非常不愉快的经历，在尹天仇对她指导的过程中，柳飘飘对尹天仇渐生情愫，同时她也成为了夜总会里当红的小姐。尹天仇受到了极多白眼之后，终于得到了大明星鹃姐（莫文蔚 饰）的赏识，提携他担演新戏中的男主角，但没想到突然把他的角色换掉了，令他失望不已。在片场当场务的卧底警员（吴孟达 饰）身份被识穿，尹天仇阴差阳错的帮忙破了案。之后尹天仇继续活跃在街坊福利会的演员训练班里。,"剧情,喜剧,爱情", 粤语,1999-02-13,89分钟,https://movie.douban.com/subject/1302425/
26698897,唐人街探案2,2018,陈思诚,"王宝强,刘昊然,肖央,刘承羽,尚语贤,王迅,妻夫木聪,迈克尔·皮特,白灵,元华,曾江,王成思,杨金赐,范湉湉,佟丽娅,陈思诚",6.6,https://img1.doubanio.com/view/photo/s_ratio_poster/public/p2512717519.jpg, 中国大陆,突然得到唐仁（王宝强 饰）即将结婚的消息，喜出望外的秦风（刘昊然 饰）匆忙登上飞往美国纽约的班机。谁知落地后很快发现，这不过是唐仁诓他过来的谎言。唐仁把秦风带到了一座豪华宅邸，这里早已云集包括野田昊（妻木夫聪 饰）在内的数位世界顶尖侦探。把他们召集到这里的是北美华人堂口老大七叔（曾江 饰），就在不久前他的宝贝孙子被人残忍杀害，不仅如此，尸体还被划出Y字形伤口，心脏不翼而飞。七叔悲愤交加，悬赏500万势要抓住杀人真凶。,"喜剧,动作,悬疑", 汉语普通话 / 英语 / 日语 / 粤语,2018-02-16,121分钟,https://movie.douban.com/subject/26698897/
2133323,白日梦想家,2013,本·斯蒂勒,"本·斯蒂勒,克里斯汀·韦格,亚当·斯科特,西恩·潘,凯瑟琳·哈恩,泰伦斯·伯尼·海恩斯,保罗·菲兹杰拉德,乔恩·戴利,乔伊·斯洛特尼克,格蕾丝·雷克斯,阿莱克斯·阿方格,阿曼达·诺顿,阿德里安·马丁斯,雪莉·麦克雷恩,艾米·斯蒂勒,斯图尔特·康菲尔德,奥拉维尔·达里·奥拉夫松,索哈德吕尔·西格罗森,贡纳·黑尔加松,卡伊·伦诺克斯,柯南·奥布莱恩,安迪·里克特,安东尼·德西奥,帕顿·奥斯瓦尔特,理查德·德多梅尼科,马特·莱文,格雷格·西佩斯,马米·科西科,马修·古利,罗丝玛丽·霍华德,伊兰·克里斯费尔德,安娜·库奇马",8.6,https://img2.doubanio.com/view/photo/s_ratio_poster/public/p2160195181.jpg, 美国 / 英国,沃特.密提（本·斯蒂勒 Ben Stiller 饰）是一名在《生活》杂志工作了16年的胶片洗印经理，他性格内向，甚至无法跟心仪的同事谢莉尔（克里斯汀·韦格 Kristen Wiig 饰）开口搭讪，面对生活他像个旁观者，时常“放空”做白日英雄梦。直到有一天公司被并购，杂志需要做最后一期的封面，而封面成功与否的关键是找到狂野摄影师尚恩（西恩·潘 Sean Penn）的一卷胶片，沃特终于开口搭讪谢莉尔，并在她和母亲（雪莉·麦克雷恩 Shirley MacLaine 饰）的鼓励下踏上真正的冒险之旅，冰原、大海、喜马拉雅山……沃特的白日梦远不及现实壮丽。,"剧情,喜剧,冒险", 英语 / 西班牙语 / 冰岛语,2013-12-25,114分钟,https://movie.douban.com/subject/2133323/
1907966,疯狂原始人,2013,"柯克·德·米科,克里斯·桑德斯","尼古拉斯·凯奇,艾玛·斯通,瑞安·雷诺兹,凯瑟琳·基纳,克萝丽丝·利奇曼,克拉克·杜克,克里斯·桑德斯,兰迪·汤姆",8.7,https://img3.doubanio.com/view/photo/s_ratio_poster/public/p1867084027.jpg, 美国,原始人咕噜一家六口在老爸Grug（尼古拉斯·凯奇 Nicolas Cage 配音）的庇护下生活。每天抢夺鸵鸟蛋为食，躲避野兽的追击，每晚听老爸叙述同一个故事，在山洞里过着一成不变的生活。大女儿Eep（艾玛·斯通 Emma Stone 配音）是一个和老爸性格截然相反的充满好奇心的女孩，她不满足一辈子留在这个小山洞里，一心想要追逐山洞外面的新奇世界。,"喜剧,动画,冒险", 英语,2013-04-20,98分钟,https://movie.douban.com/subject/1907966/
19944106,美人鱼,2016,周星驰,"邓超,罗志祥,张雨绮,林允,徐克,吴亦凡,李尚正,卢正雨,白客,孔连顺,田启文,文章,杨能,张美娥,李叶青,林子聪,赵志凌,郑冀峰,钱国伟,范淑珍,艾文·科蒂克,松冈李那,徐轸轸,夏尉喻,皮埃尔·布迪厄,孙嘉灵,许雅婷,赵靖伊,付骏福,虞嘉娜,宁小花,易志乐,孙乐天",6.7,https://img1.doubanio.com/view/photo/s_ratio_poster/public/p2316177058.jpg, 中国大陆 / 中国香港,白手起家的富豪刘轩（邓超 饰）新拍下了一块地皮，并联合了女强人李若兰（张雨绮 饰）使用恐怖的声纳技术驱赶鱼类，用于填海造地。人鱼一族长期居住在附近区域的海里，为了继续生存，带头大哥章鱼八哥（罗志祥 饰）派出了美人鱼珊珊（林允 饰）“色诱”刘轩，准备刺杀。没想到珊珊在卧底过程中与刘轩暗生情愫，一次次破坏暗杀计划，而李若兰却在准备一个更丧心病狂的邪恶计划……,"喜剧,爱情,奇幻", 汉语普通话 / 英语 / 日语,2016-02-08,93分钟,https://movie.douban.com/subject/19944106/
11525673,布达佩斯大饭店,2014,韦斯·安德森,"拉尔夫·费因斯,托尼·雷沃罗利,阿德里安·布罗迪,威廉·达福,裘德·洛,爱德华·诺顿,西尔莎·罗南,蒂尔达·斯文顿,比尔·默瑞,蕾雅·赛杜,欧文·威尔逊,詹森·舒瓦兹曼,马修·阿马立克,F·默里·亚伯拉罕,汤姆·威尔金森,杰夫·高布伦,哈威·凯特尔",8.9,https://img3.doubanio.com/view/photo/s_ratio_poster/public/p2183539003.jpg, 美国 / 德国 / 英国,故事要从一位无名作家（裘德·洛 Jude Law 饰）说起，为了专心创作，他来到了名为“布达佩斯”的饭店，在这里，作家遇见了饭店的主人穆斯塔法（F·莫里·亚伯拉罕 F. Murray Abraham 饰），穆斯塔法邀请作家共进晚餐，席间，他向作家讲述了这座饱经风雨的大饭店的前世今生。,"剧情,喜剧,冒险", 英语 / 法语 / 德语,2014-02-06,99分钟,https://movie.douban.com/subject/11525673/
26258779,银河护卫队3,2023,詹姆斯·古恩,"克里斯·帕拉特,佐伊·索尔达娜,戴夫·巴蒂斯塔,凯伦·吉兰,庞·克莱门捷夫,布莱德利·库珀,范·迪塞尔,楚克武迪·武吉,威尔·保尔特,肖恩·古恩,玛丽亚·巴卡洛娃,伊丽莎白·德比齐,琳达·卡德里尼,阿西姆·乔杜里,米凯拉·霍沃,迈克尔·鲁克,丹妮拉·曼希沃,詹尼佛·霍兰德,詹姆斯·古恩,内森·菲利安,诺亚·巴斯金,莫莉·奎恩,史蒂芬·布莱克哈特,特伦斯·罗斯摩尔,皮特·戴维森,赛斯·格林,莎拉·阿拉米,贾斯敏·穆尼奥斯,乔瓦尼·克鲁兹,尼科·桑托斯,米利亚姆·肖尔,朱迪·格雷尔,雷纳尔多·法伯勒,西尔维斯特·史泰龙,塔拉·斯特朗,奥斯汀·弗里曼,迈克尔·罗森巴姆,伊兰盖尔,杰拉尔多·达维拉,迪·布拉雷·贝克尔,本·戴维斯,蒂凡尼·史密斯,乔纳森·梅赛德斯,马克斯·比克霍普,雷妮·莫尼梅克,凯莱布·斯比尔亚兹,达拉·德尔加多,兰德尔·P·海文斯,戴恩·迪利格罗,阿德琳·斯布恩,斯佳丽·布鲁姆,洛伊德·考夫曼,克里斯托弗·法里班克,瑞特·米勒,娜塔莉·萨福兰,杰西卡·芳汀,凯伦·阿伯克龙比,格雷格·亨利,克莱尔·格兰特,尼娅·考瓦特",8.3,https://img2.doubanio.com/view/photo/s_ratio_poster/public/p2887887081.jpg, 美国,历经磨难与考验，银河护卫队总算在虚无之地暂时安顿下来。可就在某一天，不速之客亚当术士（威尔·保尔特 Will Poulter 饰）的闯入不仅打破了这里的安宁与祥和，更将一场生死危机带到这群好朋友中间。战斗中，火箭浣熊（布莱德利·库珀 Bradley Cooper 配音） 身负重伤，奄奄一息。为了拯救好友的生命，星爵（克里斯·帕拉特 Chris Pratt 饰）和星云（凯伦·吉兰 Karen Gillan饰）、毁灭者（戴夫·巴蒂斯塔 Dave Bautista 饰）、螳螂女（庞·克莱门捷夫 Pom Klementieff 饰）、格鲁特（范·迪塞尔 Vin Diesel 饰）卡魔拉（佐伊·索尔达娜 Zoe Saldana 饰）前往创造了火箭的奥果公司寻找起死回生的办法。,"喜剧,动作,科幻,惊悚,冒险", 英语,2023-05-05,150分钟,https://movie.douban.com/subject/26258779/
25921812,驴得水,2016,"周申,刘露","任素汐,大力,刘帅良,裴魁山,阿如那,韩彦博,卜冠今,王堃,高阳,苏千越,麦亚瑟,王峰",8.3,https://img2.doubanio.com/view/photo/s_ratio_poster/public/p2393044761.jpg, 中国大陆,民国时期，在一个远离喧嚣和战乱的偏远山区，伫立着一所简陋平凡的学校。校长孙恒海（大力 饰）带着女儿孙佳（卜冠今 饰）以及裴魁山（裴魁山 饰）、张一曼（任素汐 饰）、周铁男（刘帅良 饰）这几个有着各种污点的教师栖身于此。他们豁达乐观，而又为艰苦生活所恼，于是把院子里的一头驴起了名字当作教员报了上去，以吃空饷。可就在某天，校长得知教育部要派专员来检查，慌乱之际，偶然来到学校的铜匠（阿如那 饰）如同救命稻草出现在众人面前。他们央求铜匠伪装成教员，可是一切真能顺利蒙混过关吗？,"剧情,喜剧", 汉语普通话,2016-10-28,111分钟,https://movie.douban.com/subject/25921812/
